Vial_Name,Num_Gen,Arriv_Time,Start_T,Start_F,Replication,First_Addition,Second_Addition,Check_Date,Adults_T,Adults_F,Relative_Arriv_Time
1-0-30-0-I,1,0,30,0,1,2023-05-21T00:00:00Z,NA,2023-06-26T00:00:00Z,17,0,0
1-0-30-0-III,1,0,30,0,3,2023-05-21T00:00:00Z,NA,2023-06-26T00:00:00Z,14,0,0
1-0-0-30-I,1,0,0,30,1,2023-05-21T00:00:00Z,NA,2023-06-26T00:00:00Z,0,22,0
1-0-10-20-III,1,0,10,20,3,2023-05-21T00:00:00Z,NA,2023-06-26T00:00:00Z,5,12,0
1-0-15-15-I,1,0,15,15,1,2023-05-21T00:00:00Z,NA,2023-06-26T00:00:00Z,11,9,0
1-0-15-15-II,1,0,15,15,2,2023-05-21T00:00:00Z,NA,2023-06-26T00:00:00Z,10,8,0
1-0-30-30-I,1,0,30,30,1,2023-05-21T00:00:00Z,NA,2023-06-26T00:00:00Z,14,14,0
1-0-30-30-III,1,0,30,30,3,2023-05-21T00:00:00Z,NA,2023-06-26T00:00:00Z,20,15,0
1-0-30-0-II,1,0,30,0,2,2023-05-21T00:00:00Z,NA,2023-07-02T00:00:00Z,16,0,0
1-0-0-30-II,1,0,0,30,2,2023-05-21T00:00:00Z,NA,2023-07-02T00:00:00Z,0,22,0
1-0-0-30-III,1,0,0,30,3,2023-05-21T00:00:00Z,NA,2023-07-02T00:00:00Z,0,16,0
1-0-60-0-II,1,0,60,0,2,2023-05-21T00:00:00Z,NA,2023-07-02T00:00:00Z,36,0,0
1-0-60-0-III,1,0,60,0,3,2023-05-21T00:00:00Z,NA,2023-07-02T00:00:00Z,39,0,0
1-0-0-60-I,1,0,0,60,1,2023-05-21T00:00:00Z,NA,2023-07-02T00:00:00Z,0,38,0
1-0-0-60-II,1,0,0,60,2,2023-05-21T00:00:00Z,NA,2023-07-02T00:00:00Z,0,40,0
1-0-0-60-III,1,0,0,60,3,2023-05-21T00:00:00Z,NA,2023-07-02T00:00:00Z,0,36,0
1-0-10-20-I,1,0,10,20,1,2023-05-21T00:00:00Z,NA,2023-07-02T00:00:00Z,7,13,0
1-0-10-20-II,1,0,10,20,2,2023-05-21T00:00:00Z,NA,2023-07-02T00:00:00Z,7,6,0
1-0-15-15-III,1,0,15,15,3,2023-05-21T00:00:00Z,NA,2023-07-02T00:00:00Z,8,5,0
1-0-20-10-I,1,0,20,10,1,2023-05-21T00:00:00Z,NA,2023-07-02T00:00:00Z,11,6,0
1-0-20-10-II,1,0,20,10,2,2023-05-21T00:00:00Z,NA,2023-07-02T00:00:00Z,14,4,0
1-0-20-10-III,1,0,20,10,3,2023-05-21T00:00:00Z,NA,2023-07-02T00:00:00Z,13,6,0
1-0-20-40-I,1,0,20,40,1,2023-05-21T00:00:00Z,NA,2023-07-02T00:00:00Z,12,21,0
1-0-20-40-III,1,0,20,40,3,2023-05-21T00:00:00Z,NA,2023-07-02T00:00:00Z,10,15,0
1-0-30-30-II,1,0,30,30,2,2023-05-21T00:00:00Z,NA,2023-07-02T00:00:00Z,19,7,0
1-0-40-20-I,1,0,40,20,1,2023-05-21T00:00:00Z,NA,2023-07-02T00:00:00Z,23,4,0
1-0-40-20-II,1,0,40,20,2,2023-05-21T00:00:00Z,NA,2023-07-02T00:00:00Z,24,6,0
1-T6-10-20-I,1,T6,10,20,1,2023-05-21T00:00:00Z,2023-05-27T00:00:00Z,2023-07-02T00:00:00Z,4,8,-6
1-T6-10-20-II,1,T6,10,20,2,2023-05-21T00:00:00Z,2023-05-27T00:00:00Z,2023-07-02T00:00:00Z,5,1,-6
1-T6-15-15-I,1,T6,15,15,1,2023-05-21T00:00:00Z,2023-05-27T00:00:00Z,2023-07-02T00:00:00Z,5,10,-6
1-T6-15-15-III,1,T6,15,15,3,2023-05-21T00:00:00Z,2023-05-27T00:00:00Z,2023-07-02T00:00:00Z,8,7,-6
1-T6-20-10-I,1,T6,20,10,1,2023-05-21T00:00:00Z,2023-05-27T00:00:00Z,2023-07-02T00:00:00Z,13,1,-6
1-T6-20-10-II,1,T6,20,10,2,2023-05-21T00:00:00Z,2023-05-27T00:00:00Z,2023-07-02T00:00:00Z,12,2,-6
1-T18-15-15-I,1,T18,15,15,1,2023-05-21T00:00:00Z,2023-06-08T00:00:00Z,2023-07-02T00:00:00Z,9,0,-18
1-F6-10-20-I,1,F6,10,20,1,2023-05-21T00:00:00Z,2023-05-27T00:00:00Z,2023-07-02T00:00:00Z,6,12,6
1-F6-10-20-II,1,F6,10,20,2,2023-05-21T00:00:00Z,2023-05-27T00:00:00Z,2023-07-02T00:00:00Z,4,9,6
1-F6-10-20-III,1,F6,10,20,3,2023-05-21T00:00:00Z,2023-05-27T00:00:00Z,2023-07-02T00:00:00Z,5,12,6
1-F6-15-15-III,1,F6,15,15,3,2023-05-21T00:00:00Z,2023-05-27T00:00:00Z,2023-07-02T00:00:00Z,10,9,6
1-F6-20-10-II,1,F6,20,10,2,2023-05-21T00:00:00Z,2023-05-27T00:00:00Z,2023-07-02T00:00:00Z,9,6,6
1-T6-20-40-II,1,T6,20,40,2,2023-05-24T00:00:00Z,2023-05-30T00:00:00Z,2023-07-05T00:00:00Z,15,8,-6
1-T12-20-40-II,1,T12,20,40,2,2023-05-24T00:00:00Z,2023-06-05T00:00:00Z,2023-07-05T00:00:00Z,14,0,-12
1-T12-40-20-II,1,T12,40,20,2,2023-05-24T00:00:00Z,2023-06-05T00:00:00Z,2023-07-05T00:00:00Z,21,0,-12
1-T18-30-30-III,1,T18,30,30,3,2023-05-24T00:00:00Z,2023-06-11T00:00:00Z,2023-07-05T00:00:00Z,20,0,-18
1-0-60-0-I,1,0,60,0,1,2023-05-21T00:00:00Z,NA,2023-07-08T00:00:00Z,40,0,0
1-0-20-40-II,1,0,20,40,2,2023-05-21T00:00:00Z,NA,2023-07-08T00:00:00Z,14,16,0
1-0-40-20-III,1,0,40,20,3,2023-05-21T00:00:00Z,NA,2023-07-08T00:00:00Z,23,4,0
1-T6-10-20-III,1,T6,10,20,3,2023-05-21T00:00:00Z,2023-05-27T00:00:00Z,2023-07-08T00:00:00Z,7,4,-6
1-T6-15-15-II,1,T6,15,15,2,2023-05-21T00:00:00Z,2023-05-27T00:00:00Z,2023-07-08T00:00:00Z,7,7,-6
1-T6-20-10-III,1,T6,20,10,3,2023-05-21T00:00:00Z,2023-05-27T00:00:00Z,2023-07-08T00:00:00Z,10,2,-6
1-T12-10-20-I,1,T12,10,20,1,2023-05-21T00:00:00Z,2023-06-02T00:00:00Z,2023-07-08T00:00:00Z,5,5,-12
1-T12-10-20-II,1,T12,10,20,2,2023-05-21T00:00:00Z,2023-06-02T00:00:00Z,2023-07-08T00:00:00Z,7,6,-12
1-T12-10-20-III,1,T12,10,20,3,2023-05-21T00:00:00Z,2023-06-02T00:00:00Z,2023-07-08T00:00:00Z,5,10,-12
1-T12-15-15-I,1,T12,15,15,1,2023-05-21T00:00:00Z,2023-06-02T00:00:00Z,2023-07-08T00:00:00Z,6,2,-12
1-T12-15-15-II,1,T12,15,15,2,2023-05-21T00:00:00Z,2023-06-02T00:00:00Z,2023-07-08T00:00:00Z,8,6,-12
1-T12-20-10-I,1,T12,20,10,1,2023-05-21T00:00:00Z,2023-06-02T00:00:00Z,2023-07-08T00:00:00Z,11,2,-12
1-T12-20-10-II,1,T12,20,10,2,2023-05-21T00:00:00Z,2023-06-02T00:00:00Z,2023-07-08T00:00:00Z,17,3,-12
1-T18-10-20-II,1,T18,10,20,2,2023-05-21T00:00:00Z,2023-06-08T00:00:00Z,2023-07-08T00:00:00Z,3,1,-18
1-F6-15-15-I,1,F6,15,15,1,2023-05-21T00:00:00Z,2023-05-27T00:00:00Z,2023-07-08T00:00:00Z,6,14,6
1-F6-15-15-II,1,F6,15,15,2,2023-05-21T00:00:00Z,2023-05-27T00:00:00Z,2023-07-08T00:00:00Z,6,7,6
1-F6-20-10-I,1,F6,20,10,1,2023-05-21T00:00:00Z,2023-05-27T00:00:00Z,2023-07-08T00:00:00Z,14,2,6
1-F6-20-10-III,1,F6,20,10,3,2023-05-21T00:00:00Z,2023-05-27T00:00:00Z,2023-07-08T00:00:00Z,8,6,6
1-F12-10-20-III,1,F12,10,20,3,2023-05-21T00:00:00Z,2023-06-02T00:00:00Z,2023-07-08T00:00:00Z,4,11,12
1-F12-15-15-I,1,F12,15,15,1,2023-05-21T00:00:00Z,2023-06-02T00:00:00Z,2023-07-08T00:00:00Z,2,10,12
1-F12-15-15-II,1,F12,15,15,2,2023-05-21T00:00:00Z,2023-06-02T00:00:00Z,2023-07-08T00:00:00Z,6,7,12
1-F12-15-15-III,1,F12,15,15,3,2023-05-21T00:00:00Z,2023-06-02T00:00:00Z,2023-07-08T00:00:00Z,9,11,12
1-F12-20-10-I,1,F12,20,10,1,2023-05-21T00:00:00Z,2023-06-02T00:00:00Z,2023-07-08T00:00:00Z,9,4,12
1-F12-20-10-III,1,F12,20,10,3,2023-05-21T00:00:00Z,2023-06-02T00:00:00Z,2023-07-08T00:00:00Z,13,5,12
1-T6-20-40-III,1,T6,20,40,3,2023-05-24T00:00:00Z,2023-05-30T00:00:00Z,2023-07-11T00:00:00Z,13,15,-6
1-T6-30-30-I,1,T6,30,30,1,2023-05-24T00:00:00Z,2023-05-30T00:00:00Z,2023-07-11T00:00:00Z,17,8,-6
1-T6-30-30-II,1,T6,30,30,2,2023-05-24T00:00:00Z,2023-05-30T00:00:00Z,2023-07-11T00:00:00Z,18,18,-6
1-T6-30-30-III,1,T6,30,30,3,2023-05-24T00:00:00Z,2023-05-30T00:00:00Z,2023-07-11T00:00:00Z,22,9,-6
1-T6-40-20-I,1,T6,40,20,1,2023-05-24T00:00:00Z,2023-05-30T00:00:00Z,2023-07-11T00:00:00Z,21,3,-6
1-T6-40-20-III,1,T6,40,20,3,2023-05-24T00:00:00Z,2023-05-30T00:00:00Z,2023-07-11T00:00:00Z,26,5,-6
1-T12-20-40-I,1,T12,20,40,1,2023-05-24T00:00:00Z,2023-06-05T00:00:00Z,2023-07-11T00:00:00Z,7,1,-12
1-T12-20-40-III,1,T12,20,40,3,2023-05-24T00:00:00Z,2023-06-05T00:00:00Z,2023-07-11T00:00:00Z,17,1,-12
1-T12-30-30-II,1,T12,30,30,2,2023-05-24T00:00:00Z,2023-06-05T00:00:00Z,2023-07-11T00:00:00Z,16,0,-12
1-T12-30-30-III,1,T12,30,30,3,2023-05-24T00:00:00Z,2023-06-05T00:00:00Z,2023-07-11T00:00:00Z,17,0,-12
1-T12-40-20-III,1,T12,40,20,3,2023-05-24T00:00:00Z,2023-06-05T00:00:00Z,2023-07-11T00:00:00Z,25,1,-12
1-T18-30-30-II,1,T18,30,30,2,2023-05-24T00:00:00Z,2023-06-11T00:00:00Z,2023-07-11T00:00:00Z,18,0,-18
1-T18-40-20-I,1,T18,40,20,1,2023-05-24T00:00:00Z,2023-06-11T00:00:00Z,2023-07-11T00:00:00Z,19,0,-18
1-F6-20-40-III,1,F6,20,40,3,2023-05-24T00:00:00Z,2023-05-30T00:00:00Z,2023-07-11T00:00:00Z,9,24,6
1-F6-30-30-III,1,F6,30,30,3,2023-05-24T00:00:00Z,2023-05-30T00:00:00Z,2023-07-11T00:00:00Z,13,16,6
1-F6-40-20-I,1,F6,40,20,1,2023-05-24T00:00:00Z,2023-05-30T00:00:00Z,2023-07-11T00:00:00Z,14,13,6
1-F6-40-20-II,1,F6,40,20,2,2023-05-24T00:00:00Z,2023-05-30T00:00:00Z,2023-07-11T00:00:00Z,17,8,6
1-F12-40-20-I,1,F12,40,20,1,2023-05-24T00:00:00Z,2023-06-05T00:00:00Z,2023-07-11T00:00:00Z,17,12,12
1-T12-15-15-III,1,T12,15,15,3,2023-05-21T00:00:00Z,2023-06-02T00:00:00Z,2023-07-14T00:00:00Z,9,4,-12
1-T12-20-10-III,1,T12,20,10,3,2023-05-21T00:00:00Z,2023-06-02T00:00:00Z,2023-07-14T00:00:00Z,12,2,-12
1-T18-10-20-I,1,T18,10,20,1,2023-05-21T00:00:00Z,2023-06-08T00:00:00Z,2023-07-14T00:00:00Z,6,1,-18
1-T18-15-15-II,1,T18,15,15,2,2023-05-21T00:00:00Z,2023-06-08T00:00:00Z,2023-07-14T00:00:00Z,10,0,-18
1-T18-15-15-III,1,T18,15,15,3,2023-05-21T00:00:00Z,2023-06-08T00:00:00Z,2023-07-14T00:00:00Z,11,0,-18
1-T18-20-10-I,1,T18,20,10,1,2023-05-21T00:00:00Z,2023-06-08T00:00:00Z,2023-07-14T00:00:00Z,15,0,-18
1-T18-20-10-II,1,T18,20,10,2,2023-05-21T00:00:00Z,2023-06-08T00:00:00Z,2023-07-14T00:00:00Z,11,2,-18
1-T18-20-10-III,1,T18,20,10,3,2023-05-21T00:00:00Z,2023-06-08T00:00:00Z,2023-07-14T00:00:00Z,8,1,-18
1-F12-10-20-I,1,F12,10,20,1,2023-05-21T00:00:00Z,2023-06-02T00:00:00Z,2023-07-14T00:00:00Z,2,13,12
1-F12-10-20-II,1,F12,10,20,2,2023-05-21T00:00:00Z,2023-06-02T00:00:00Z,2023-07-14T00:00:00Z,3,16,12
1-F12-20-10-II,1,F12,20,10,2,2023-05-21T00:00:00Z,2023-06-02T00:00:00Z,2023-07-14T00:00:00Z,10,7,12
1-F18-10-20-II,1,F18,10,20,2,2023-05-21T00:00:00Z,2023-06-08T00:00:00Z,2023-07-14T00:00:00Z,4,9,18
1-F18-15-15-I,1,F18,15,15,1,2023-05-21T00:00:00Z,2023-06-08T00:00:00Z,2023-07-14T00:00:00Z,7,6,18
1-F18-15-15-II,1,F18,15,15,2,2023-05-21T00:00:00Z,2023-06-08T00:00:00Z,2023-07-14T00:00:00Z,6,8,18
1-F18-15-15-III,1,F18,15,15,3,2023-05-21T00:00:00Z,2023-06-08T00:00:00Z,2023-07-14T00:00:00Z,3,10,18
1-F18-20-10-II,1,F18,20,10,2,2023-05-21T00:00:00Z,2023-06-08T00:00:00Z,2023-07-14T00:00:00Z,3,10,18
1-F18-20-10-III,1,F18,20,10,3,2023-05-21T00:00:00Z,2023-06-08T00:00:00Z,2023-07-14T00:00:00Z,10,5,18
1-T6-40-20-II,1,T6,40,20,2,2023-05-24T00:00:00Z,2023-05-30T00:00:00Z,2023-07-17T00:00:00Z,24,3,-6
1-T12-30-30-I,1,T12,30,30,1,2023-05-24T00:00:00Z,2023-06-05T00:00:00Z,2023-07-17T00:00:00Z,19,6,-12
1-T12-40-20-I,1,T12,40,20,1,2023-05-24T00:00:00Z,2023-06-05T00:00:00Z,2023-07-17T00:00:00Z,28,1,-12
1-T18-20-40-I,1,T18,20,40,1,2023-05-24T00:00:00Z,2023-06-11T00:00:00Z,2023-07-17T00:00:00Z,9,2,-18
1-T18-30-30-I,1,T18,30,30,1,2023-05-24T00:00:00Z,2023-06-11T00:00:00Z,2023-07-17T00:00:00Z,19,0,-18
1-T18-40-20-II,1,T18,40,20,2,2023-05-24T00:00:00Z,2023-06-11T00:00:00Z,2023-07-17T00:00:00Z,25,0,-18
1-T18-40-20-III,1,T18,40,20,3,2023-05-24T00:00:00Z,2023-06-11T00:00:00Z,2023-07-17T00:00:00Z,23,1,-18
1-F6-20-40-I,1,F6,20,40,1,2023-05-24T00:00:00Z,2023-05-30T00:00:00Z,2023-07-17T00:00:00Z,9,28,6
1-F6-30-30-II,1,F6,30,30,2,2023-05-24T00:00:00Z,2023-05-30T00:00:00Z,2023-07-17T00:00:00Z,8,21,6
1-F6-40-20-III,1,F6,40,20,3,2023-05-24T00:00:00Z,2023-05-30T00:00:00Z,2023-07-17T00:00:00Z,17,13,6
1-F12-20-40-I,1,F12,20,40,1,2023-05-24T00:00:00Z,2023-06-05T00:00:00Z,2023-07-17T00:00:00Z,3,20,12
1-F12-20-40-II,1,F12,20,40,2,2023-05-24T00:00:00Z,2023-06-05T00:00:00Z,2023-07-17T00:00:00Z,5,24,12
1-F12-20-40-III,1,F12,20,40,3,2023-05-24T00:00:00Z,2023-06-05T00:00:00Z,2023-07-17T00:00:00Z,4,23,12
1-F12-30-30-I,1,F12,30,30,1,2023-05-24T00:00:00Z,2023-06-05T00:00:00Z,2023-07-17T00:00:00Z,10,18,12
1-F12-30-30-II,1,F12,30,30,2,2023-05-24T00:00:00Z,2023-06-05T00:00:00Z,2023-07-17T00:00:00Z,8,22,12
1-F12-30-30-III,1,F12,30,30,3,2023-05-24T00:00:00Z,2023-06-05T00:00:00Z,2023-07-17T00:00:00Z,10,20,12
1-F12-40-20-II,1,F12,40,20,2,2023-05-24T00:00:00Z,2023-06-05T00:00:00Z,2023-07-17T00:00:00Z,17,14,12
1-F12-40-20-III,1,F12,40,20,3,2023-05-24T00:00:00Z,2023-06-05T00:00:00Z,2023-07-17T00:00:00Z,13,13,12
1-F18-20-40-I,1,F18,20,40,1,2023-05-24T00:00:00Z,2023-06-11T00:00:00Z,2023-07-17T00:00:00Z,1,21,18
1-F18-20-40-II,1,F18,20,40,2,2023-05-24T00:00:00Z,2023-06-11T00:00:00Z,2023-07-17T00:00:00Z,0,28,18
1-T18-10-20-III,1,T18,10,20,3,2023-05-21T00:00:00Z,2023-06-08T00:00:00Z,2023-07-20T00:00:00Z,9,1,-18
1-F18-10-20-I,1,F18,10,20,1,2023-05-21T00:00:00Z,2023-06-08T00:00:00Z,2023-07-20T00:00:00Z,5,10,18
1-F18-10-20-III,1,F18,10,20,3,2023-05-21T00:00:00Z,2023-06-08T00:00:00Z,2023-07-20T00:00:00Z,0,17,18
1-F18-20-10-I,1,F18,20,10,1,2023-05-21T00:00:00Z,2023-06-08T00:00:00Z,2023-07-20T00:00:00Z,7,4,18
1-T6-20-40-I,1,T6,20,40,1,2023-05-24T00:00:00Z,2023-05-30T00:00:00Z,2023-07-23T00:00:00Z,12,15,-6
1-T18-20-40-II,1,T18,20,40,2,2023-05-24T00:00:00Z,2023-06-11T00:00:00Z,2023-07-23T00:00:00Z,8,2,-18
1-T18-20-40-III,1,T18,20,40,3,2023-05-24T00:00:00Z,2023-06-11T00:00:00Z,2023-07-23T00:00:00Z,11,1,-18
1-F6-30-30-I,1,F6,30,30,1,2023-05-24T00:00:00Z,2023-05-30T00:00:00Z,2023-07-23T00:00:00Z,13,20,6
1-F18-20-40-III,1,F18,20,40,3,2023-05-24T00:00:00Z,2023-06-11T00:00:00Z,2023-07-23T00:00:00Z,1,27,18
1-F18-30-30-I,1,F18,30,30,1,2023-05-24T00:00:00Z,2023-06-11T00:00:00Z,2023-07-23T00:00:00Z,2,22,18
1-F18-30-30-II,1,F18,30,30,2,2023-05-24T00:00:00Z,2023-06-11T00:00:00Z,2023-07-23T00:00:00Z,2,21,18
1-F18-30-30-III,1,F18,30,30,3,2023-05-24T00:00:00Z,2023-06-11T00:00:00Z,2023-07-23T00:00:00Z,7,23,18
1-F18-40-20-I,1,F18,40,20,1,2023-05-24T00:00:00Z,2023-06-11T00:00:00Z,2023-07-23T00:00:00Z,9,10,18
1-F18-40-20-II,1,F18,40,20,2,2023-05-24T00:00:00Z,2023-06-11T00:00:00Z,2023-07-23T00:00:00Z,10,10,18
1-F6-20-40-II,1,F6,20,40,2,2023-05-24T00:00:00Z,2023-05-30T00:00:00Z,2023-07-29T00:00:00Z,11,22,6
1-F18-40-20-III,1,F18,40,20,3,2023-05-24T00:00:00Z,2023-06-11T00:00:00Z,2023-07-26T00:00:00Z,12,12,18
2-0-10-20-II,2,0,10,20,2,2023-05-21T00:00:00Z,NA,2023-08-19T00:00:00Z,18,9,0
2-0-20-40-III,2,0,20,40,3,2023-05-21T00:00:00Z,NA,2023-08-19T00:00:00Z,15,27,0
2-0-30-30-II,2,0,30,30,2,2023-05-21T00:00:00Z,NA,2023-08-19T00:00:00Z,23,17,0
2-T6-10-20-III,2,T6,10,20,3,2023-05-24T00:00:00Z,2023-05-30T00:00:00Z,2023-08-22T00:00:00Z,24,8,-6
2-T12-10-20-III,2,T12,10,20,3,2023-05-24T00:00:00Z,2023-06-05T00:00:00Z,2023-08-22T00:00:00Z,27,4,-12
2-0-10-20-I,2,0,10,20,1,2023-05-21T00:00:00Z,NA,2023-08-25T00:00:00Z,12,30,0
2-0-20-40-I,2,0,20,40,1,2023-05-21T00:00:00Z,NA,2023-08-25T00:00:00Z,25,14,0
2-0-30-30-I,2,0,30,30,1,2023-05-21T00:00:00Z,NA,2023-08-25T00:00:00Z,21,17,0
2-0-40-20-II,2,0,40,20,2,2023-05-21T00:00:00Z,NA,2023-08-25T00:00:00Z,32,6,0
2-T6-30-30-II,2,T6,30,30,2,2023-05-27T00:00:00Z,2023-06-02T00:00:00Z,2023-08-25T00:00:00Z,26,10,-6
2-T18-30-30-I,2,T18,30,30,1,2023-05-27T00:00:00Z,2023-06-14T00:00:00Z,2023-08-25T00:00:00Z,34,0,-18
2-T6-15-15-II,2,T6,15,15,2,2023-05-24T00:00:00Z,2023-05-30T00:00:00Z,2023-08-28T00:00:00Z,27,6,-6
2-T6-20-10-II,2,T6,20,10,2,2023-05-24T00:00:00Z,2023-05-30T00:00:00Z,2023-08-28T00:00:00Z,29,3,-6
2-T12-10-20-I,2,T12,10,20,1,2023-05-24T00:00:00Z,2023-06-05T00:00:00Z,2023-08-28T00:00:00Z,23,4,-12
2-T12-10-20-II,2,T12,10,20,2,2023-05-24T00:00:00Z,2023-06-05T00:00:00Z,2023-08-28T00:00:00Z,26,6,-12
2-T12-15-15-I,2,T12,15,15,1,2023-05-24T00:00:00Z,2023-06-05T00:00:00Z,2023-08-28T00:00:00Z,33,3,-12
2-T12-15-15-II,2,T12,15,15,2,2023-05-24T00:00:00Z,2023-06-05T00:00:00Z,2023-08-28T00:00:00Z,33,4,-12
2-T18-10-20-I,2,T18,10,20,1,2023-05-24T00:00:00Z,2023-06-11T00:00:00Z,2023-08-28T00:00:00Z,22,9,-18
2-T18-10-20-II,2,T18,10,20,2,2023-05-24T00:00:00Z,2023-06-11T00:00:00Z,2023-08-28T00:00:00Z,31,1,-18
2-T18-10-20-III,2,T18,10,20,3,2023-05-24T00:00:00Z,2023-06-11T00:00:00Z,2023-08-28T00:00:00Z,21,3,-18
2-T18-15-15-I,2,T18,15,15,1,2023-05-24T00:00:00Z,2023-06-11T00:00:00Z,2023-08-28T00:00:00Z,28,0,-18
2-T18-15-15-II,2,T18,15,15,2,2023-05-24T00:00:00Z,2023-06-11T00:00:00Z,2023-08-28T00:00:00Z,31,2,-18
2-T18-15-15-III,2,T18,15,15,3,2023-05-24T00:00:00Z,2023-06-11T00:00:00Z,2023-08-28T00:00:00Z,24,1,-18
2-0-20-10-II,2,0,20,10,2,2023-05-21T00:00:00Z,NA,2023-09-01T00:00:00Z,42,2,0
2-0-30-30-III,2,0,30,30,3,2023-05-21T00:00:00Z,NA,2023-09-01T00:00:00Z,18,26,0
2-0-40-20-I,2,0,40,20,1,2023-05-21T00:00:00Z,NA,2023-09-01T00:00:00Z,27,9,0
2-T6-20-40-I,2,T6,20,40,1,2023-05-27T00:00:00Z,2023-06-02T00:00:00Z,2023-09-01T00:00:00Z,20,12,-6
2-T6-20-40-II,2,T6,20,40,2,2023-05-27T00:00:00Z,2023-06-02T00:00:00Z,2023-09-01T00:00:00Z,33,6,-6
2-T6-20-40-III,2,T6,20,40,3,2023-05-27T00:00:00Z,2023-06-02T00:00:00Z,2023-09-01T00:00:00Z,19,20,-6
2-T6-30-30-I,2,T6,30,30,1,2023-05-27T00:00:00Z,2023-06-02T00:00:00Z,2023-09-01T00:00:00Z,30,8,-6
2-T6-30-30-III,2,T6,30,30,3,2023-05-27T00:00:00Z,2023-06-02T00:00:00Z,2023-09-01T00:00:00Z,24,11,-6
2-T6-40-20-I,2,T6,40,20,1,2023-05-27T00:00:00Z,2023-06-02T00:00:00Z,2023-09-01T00:00:00Z,33,7,-6
2-T6-40-20-III,2,T6,40,20,3,2023-05-27T00:00:00Z,2023-06-02T00:00:00Z,2023-09-01T00:00:00Z,37,1,-6
2-T12-20-40-I,2,T12,20,40,1,2023-05-27T00:00:00Z,2023-06-08T00:00:00Z,2023-09-01T00:00:00Z,32,0,-12
2-T12-30-30-I,2,T12,30,30,1,2023-05-27T00:00:00Z,2023-06-08T00:00:00Z,2023-09-01T00:00:00Z,33,2,-12
2-T12-30-30-II,2,T12,30,30,2,2023-05-27T00:00:00Z,2023-06-08T00:00:00Z,2023-09-01T00:00:00Z,37,1,-12
2-T12-40-20-I,2,T12,40,20,1,2023-05-27T00:00:00Z,2023-06-08T00:00:00Z,2023-09-01T00:00:00Z,31,0,-12
2-T12-40-20-II,2,T12,40,20,2,2023-05-27T00:00:00Z,2023-06-08T00:00:00Z,2023-09-01T00:00:00Z,32,2,-12
2-T18-20-40-I,2,T18,20,40,1,2023-05-27T00:00:00Z,2023-06-14T00:00:00Z,2023-09-01T00:00:00Z,44,3,-18
2-T18-30-30-II,2,T18,30,30,2,2023-05-27T00:00:00Z,2023-06-14T00:00:00Z,2023-09-01T00:00:00Z,30,1,-18
2-T18-30-30-III,2,T18,30,30,3,2023-05-27T00:00:00Z,2023-06-14T00:00:00Z,2023-09-01T00:00:00Z,48,0,-18
2-T18-40-20-I,2,T18,40,20,1,2023-05-27T00:00:00Z,2023-06-14T00:00:00Z,2023-09-01T00:00:00Z,31,2,-18
2-T18-40-20-II,2,T18,40,20,2,2023-05-27T00:00:00Z,2023-06-14T00:00:00Z,2023-09-01T00:00:00Z,39,4,-18
2-F6-20-40-I,2,F6,20,40,1,2023-05-27T00:00:00Z,2023-06-02T00:00:00Z,2023-09-01T00:00:00Z,17,23,6
2-F6-30-30-II,2,F6,30,30,2,2023-05-27T00:00:00Z,2023-06-02T00:00:00Z,2023-09-01T00:00:00Z,20,19,6
2-F6-30-30-III,2,F6,30,30,3,2023-05-27T00:00:00Z,2023-06-02T00:00:00Z,2023-09-01T00:00:00Z,26,19,6
2-T6-10-20-II,2,T6,10,20,2,2023-05-24T00:00:00Z,2023-05-30T00:00:00Z,2023-09-03T00:00:00Z,33,2,-6
2-T6-15-15-I,2,T6,15,15,1,2023-05-24T00:00:00Z,2023-05-30T00:00:00Z,2023-09-03T00:00:00Z,29,7,-6
2-T6-15-15-III,2,T6,15,15,3,2023-05-24T00:00:00Z,2023-05-30T00:00:00Z,2023-09-03T00:00:00Z,29,3,-6
2-T6-20-10-I,2,T6,20,10,1,2023-05-24T00:00:00Z,2023-05-30T00:00:00Z,2023-09-03T00:00:00Z,42,2,-6
2-T6-20-10-III,2,T6,20,10,3,2023-05-24T00:00:00Z,2023-05-30T00:00:00Z,2023-09-03T00:00:00Z,44,0,-6
2-T12-15-15-III,2,T12,15,15,3,2023-05-24T00:00:00Z,2023-06-05T00:00:00Z,2023-09-03T00:00:00Z,31,1,-12
2-T12-20-10-I,2,T12,20,10,1,2023-05-24T00:00:00Z,2023-06-05T00:00:00Z,2023-09-03T00:00:00Z,40,1,-12
2-T12-20-10-II,2,T12,20,10,2,2023-05-24T00:00:00Z,2023-06-05T00:00:00Z,2023-09-03T00:00:00Z,38,0,-12
2-T12-20-10-III,2,T12,20,10,3,2023-05-24T00:00:00Z,2023-06-05T00:00:00Z,2023-09-03T00:00:00Z,37,0,-12
2-T18-20-10-I,2,T18,20,10,1,2023-05-24T00:00:00Z,2023-06-11T00:00:00Z,2023-09-03T00:00:00Z,29,0,-18
2-T18-20-10-II,2,T18,20,10,2,2023-05-24T00:00:00Z,2023-06-11T00:00:00Z,2023-09-03T00:00:00Z,34,0,-18
2-T18-20-10-III,2,T18,20,10,3,2023-05-24T00:00:00Z,2023-06-11T00:00:00Z,2023-09-03T00:00:00Z,42,0,-18
2-F6-10-20-II,2,F6,10,20,2,2023-05-24T00:00:00Z,2023-05-30T00:00:00Z,2023-09-03T00:00:00Z,4,62,6
2-F6-10-20-III,2,F6,10,20,3,2023-05-24T00:00:00Z,2023-05-30T00:00:00Z,2023-09-03T00:00:00Z,3,70,6
2-F6-20-10-I,2,F6,20,10,1,2023-05-24T00:00:00Z,2023-05-30T00:00:00Z,2023-09-03T00:00:00Z,35,14,6
2-F6-20-10-III,2,F6,20,10,3,2023-05-24T00:00:00Z,2023-05-30T00:00:00Z,2023-09-03T00:00:00Z,26,19,6
2-F12-10-20-II,2,F12,10,20,2,2023-05-24T00:00:00Z,2023-06-05T00:00:00Z,2023-09-01T00:00:00Z,10,57,12
2-F12-10-20-III,2,F12,10,20,3,2023-05-24T00:00:00Z,2023-06-05T00:00:00Z,2023-09-03T00:00:00Z,8,39,12
2-F12-15-15-I,2,F12,15,15,1,2023-05-24T00:00:00Z,2023-06-05T00:00:00Z,2023-09-01T00:00:00Z,16,34,12
2-F12-15-15-II,2,F12,15,15,2,2023-05-24T00:00:00Z,2023-06-05T00:00:00Z,2023-09-03T00:00:00Z,6,75,12
2-F12-20-10-II,2,F12,20,10,2,2023-05-24T00:00:00Z,2023-06-05T00:00:00Z,2023-09-03T00:00:00Z,12,53,12
2-F12-20-10-III,2,F12,20,10,3,2023-05-24T00:00:00Z,2023-06-05T00:00:00Z,2023-09-01T00:00:00Z,9,42,12
2-F18-10-20-I,2,F18,10,20,1,2023-05-24T00:00:00Z,2023-06-11T00:00:00Z,2023-09-03T00:00:00Z,4,59,18
2-F18-10-20-III,2,F18,10,20,3,2023-05-24T00:00:00Z,2023-06-11T00:00:00Z,2023-09-01T00:00:00Z,3,76,18
2-F18-15-15-I,2,F18,15,15,1,2023-05-24T00:00:00Z,2023-06-11T00:00:00Z,2023-09-03T00:00:00Z,8,35,18
2-F18-15-15-II,2,F18,15,15,2,2023-05-24T00:00:00Z,2023-06-11T00:00:00Z,2023-09-03T00:00:00Z,7,45,18
2-F18-15-15-III,2,F18,15,15,3,2023-05-24T00:00:00Z,2023-06-11T00:00:00Z,2023-09-01T00:00:00Z,5,76,18
2-F18-20-10-I,2,F18,20,10,1,2023-05-24T00:00:00Z,2023-06-11T00:00:00Z,2023-09-03T00:00:00Z,7,52,18
2-F18-20-10-III,2,F18,20,10,3,2023-05-24T00:00:00Z,2023-06-11T00:00:00Z,2023-09-01T00:00:00Z,11,10,18
2-0-30-0-II,2,0,30,0,2,2023-06-02T00:00:00Z,NA,2023-09-06T00:00:00Z,33,0,0
2-0-30-0-III,2,0,30,0,3,2023-06-02T00:00:00Z,NA,2023-09-06T00:00:00Z,36,0,0
2-0-0-30-I,2,0,0,30,1,2023-06-02T00:00:00Z,NA,2023-09-06T00:00:00Z,0,67,0
2-0-60-0-II,2,0,60,0,2,2023-06-02T00:00:00Z,NA,2023-09-06T00:00:00Z,43,0,0
2-0-15-15-I,2,0,15,15,1,2023-05-21T00:00:00Z,NA,2023-09-06T00:00:00Z,23,10,0
2-0-15-15-II,2,0,15,15,2,2023-05-21T00:00:00Z,NA,2023-09-06T00:00:00Z,11,30,0
2-0-20-10-I,2,0,20,10,1,2023-05-21T00:00:00Z,NA,2023-09-06T00:00:00Z,30,7,0
2-0-20-10-III,2,0,20,10,3,2023-05-21T00:00:00Z,NA,2023-09-06T00:00:00Z,28,3,0
2-0-20-40-II,2,0,20,40,2,2023-05-21T00:00:00Z,NA,2023-09-06T00:00:00Z,12,30,0
2-0-40-20-III,2,0,40,20,3,2023-05-21T00:00:00Z,NA,2023-09-06T00:00:00Z,25,10,0
2-T6-40-20-II,2,T6,40,20,2,2023-05-27T00:00:00Z,2023-06-02T00:00:00Z,2023-09-06T00:00:00Z,41,1,-6
2-T12-20-40-II,2,T12,20,40,2,2023-05-27T00:00:00Z,2023-06-08T00:00:00Z,2023-09-06T00:00:00Z,31,1,-12
2-T12-20-40-III,2,T12,20,40,3,2023-05-27T00:00:00Z,2023-06-08T00:00:00Z,2023-09-06T00:00:00Z,40,1,-12
2-T12-30-30-III,2,T12,30,30,3,2023-05-27T00:00:00Z,2023-06-08T00:00:00Z,2023-09-06T00:00:00Z,29,3,-12
2-T12-40-20-III,2,T12,40,20,3,2023-05-27T00:00:00Z,2023-06-08T00:00:00Z,2023-09-06T00:00:00Z,36,1,-12
2-T18-20-40-II,2,T18,20,40,2,2023-05-27T00:00:00Z,2023-06-14T00:00:00Z,2023-09-06T00:00:00Z,35,3,-18
2-T18-20-40-III,2,T18,20,40,3,2023-05-27T00:00:00Z,2023-06-14T00:00:00Z,2023-09-06T00:00:00Z,26,1,-18
2-T18-40-20-III,2,T18,40,20,3,2023-05-27T00:00:00Z,2023-06-14T00:00:00Z,2023-09-06T00:00:00Z,39,1,-18
2-F6-20-40-II,2,F6,20,40,2,2023-05-27T00:00:00Z,2023-06-02T00:00:00Z,2023-09-06T00:00:00Z,11,26,6
2-F6-40-20-II,2,F6,40,20,2,2023-05-27T00:00:00Z,2023-06-02T00:00:00Z,2023-09-06T00:00:00Z,18,16,6
2-F6-40-20-III,2,F6,40,20,3,2023-05-27T00:00:00Z,2023-06-02T00:00:00Z,2023-09-06T00:00:00Z,23,18,6
2-F12-20-40-I,2,F12,20,40,1,2023-05-27T00:00:00Z,2023-06-08T00:00:00Z,2023-09-06T00:00:00Z,9,32,12
2-F12-20-40-II,2,F12,20,40,2,2023-05-27T00:00:00Z,2023-06-08T00:00:00Z,2023-09-06T00:00:00Z,5,41,12
2-F12-20-40-III,2,F12,20,40,3,2023-05-27T00:00:00Z,2023-06-08T00:00:00Z,2023-09-06T00:00:00Z,3,46,12
2-F12-30-30-I,2,F12,30,30,1,2023-05-27T00:00:00Z,2023-06-08T00:00:00Z,2023-09-06T00:00:00Z,13,35,12
2-F12-30-30-III,2,F12,30,30,3,2023-05-27T00:00:00Z,2023-06-08T00:00:00Z,2023-09-06T00:00:00Z,14,26,12
2-F12-40-20-II,2,F12,40,20,2,2023-05-27T00:00:00Z,2023-06-08T00:00:00Z,2023-09-06T00:00:00Z,27,13,12
2-F12-40-20-III,2,F12,40,20,3,2023-05-27T00:00:00Z,2023-06-08T00:00:00Z,2023-09-06T00:00:00Z,19,23,12
2-F18-20-40-I,2,F18,20,40,1,2023-05-27T00:00:00Z,2023-06-14T00:00:00Z,2023-09-06T00:00:00Z,6,35,18
2-F18-20-40-II,2,F18,20,40,2,2023-05-27T00:00:00Z,2023-06-14T00:00:00Z,2023-09-06T00:00:00Z,6,39,18
2-F18-20-40-III,2,F18,20,40,3,2023-05-27T00:00:00Z,2023-06-14T00:00:00Z,2023-09-06T00:00:00Z,6,39,18
2-F18-30-30-I,2,F18,30,30,1,2023-05-27T00:00:00Z,2023-06-14T00:00:00Z,2023-09-06T00:00:00Z,13,16,18
2-F18-30-30-III,2,F18,30,30,3,2023-05-27T00:00:00Z,2023-06-14T00:00:00Z,2023-09-06T00:00:00Z,4,29,18
2-F18-40-20-I,2,F18,40,20,1,2023-05-27T00:00:00Z,2023-06-14T00:00:00Z,2023-09-06T00:00:00Z,16,14,18
2-F18-40-20-III,2,F18,40,20,3,2023-05-27T00:00:00Z,2023-06-14T00:00:00Z,2023-09-06T00:00:00Z,11,17,18
2-T6-10-20-I,2,T6,10,20,1,2023-05-24T00:00:00Z,2023-05-30T00:00:00Z,2023-09-09T00:00:00Z,24,9,-6
2-F6-10-20-I,2,F6,10,20,1,2023-05-24T00:00:00Z,2023-05-30T00:00:00Z,2023-09-09T00:00:00Z,9,53,6
2-F6-15-15-I,2,F6,15,15,1,2023-05-24T00:00:00Z,2023-05-30T00:00:00Z,2023-09-09T00:00:00Z,19,15,6
2-F6-15-15-II,2,F6,15,15,2,2023-05-24T00:00:00Z,2023-05-30T00:00:00Z,2023-09-09T00:00:00Z,16,49,6
2-F6-20-10-II,2,F6,20,10,2,2023-05-24T00:00:00Z,2023-05-30T00:00:00Z,2023-09-09T00:00:00Z,24,13,6
2-F12-10-20-I,2,F12,10,20,1,2023-05-24T00:00:00Z,2023-06-05T00:00:00Z,2023-09-09T00:00:00Z,5,51,12
2-F18-10-20-II,2,F18,10,20,2,2023-05-24T00:00:00Z,2023-06-11T00:00:00Z,2023-09-09T00:00:00Z,6,61,18
2-F18-20-10-II,2,F18,20,10,2,2023-05-24T00:00:00Z,2023-06-11T00:00:00Z,2023-09-09T00:00:00Z,12,14,18
2-0-0-30-II,2,0,0,30,2,2023-06-02T00:00:00Z,NA,2023-09-12T00:00:00Z,0,63,0
2-0-0-30-III,2,0,0,30,3,2023-06-02T00:00:00Z,NA,2023-09-12T00:00:00Z,0,83,0
2-0-60-0-I,2,0,60,0,1,2023-06-02T00:00:00Z,NA,2023-09-12T00:00:00Z,45,0,0
2-0-60-0-III,2,0,60,0,3,2023-06-02T00:00:00Z,NA,2023-09-12T00:00:00Z,42,0,0
2-0-0-60-II,2,0,0,60,2,2023-06-02T00:00:00Z,NA,2023-09-12T00:00:00Z,0,64,0
2-0-0-60-III,2,0,0,60,3,2023-06-02T00:00:00Z,NA,2023-09-12T00:00:00Z,0,58,0
2-0-10-20-III,2,0,10,20,3,2023-05-21T00:00:00Z,NA,2023-09-12T00:00:00Z,13,20,0
2-0-15-15-III,2,0,15,15,3,2023-05-21T00:00:00Z,NA,2023-09-12T00:00:00Z,23,15,0
2-F12-30-30-II,2,F12,30,30,2,2023-05-27T00:00:00Z,2023-06-08T00:00:00Z,2023-09-12T00:00:00Z,15,20,12
2-F18-30-30-II,2,F18,30,30,2,2023-05-27T00:00:00Z,2023-06-14T00:00:00Z,2023-09-12T00:00:00Z,11,25,18
2-F18-40-20-II,2,F18,40,20,2,2023-05-27T00:00:00Z,2023-06-14T00:00:00Z,2023-09-12T00:00:00Z,8,16,18
2-F6-15-15-III,2,F6,15,15,3,2023-05-24T00:00:00Z,2023-05-30T00:00:00Z,2023-09-14T00:00:00Z,16,25,6
2-F12-15-15-III,2,F12,15,15,3,2023-05-24T00:00:00Z,2023-06-05T00:00:00Z,2023-09-14T00:00:00Z,7,56,12
2-F12-20-10-I,2,F12,20,10,1,2023-05-24T00:00:00Z,2023-06-05T00:00:00Z,2023-09-14T00:00:00Z,9,57,12
2-0-30-0-I,2,0,30,0,1,2023-06-02T00:00:00Z,NA,2023-09-18T00:00:00Z,35,0,0
2-0-0-60-I,2,0,0,60,1,2023-06-02T00:00:00Z,NA,2023-09-18T00:00:00Z,0,50,0
2-F6-20-40-III,2,F6,20,40,3,2023-05-27T00:00:00Z,2023-06-02T00:00:00Z,2023-09-18T00:00:00Z,11,35,6
2-F6-30-30-I,2,F6,30,30,1,2023-05-27T00:00:00Z,2023-06-02T00:00:00Z,2023-09-18T00:00:00Z,11,25,6
2-F12-40-20-I,2,F12,40,20,1,2023-05-27T00:00:00Z,2023-06-08T00:00:00Z,2023-09-18T00:00:00Z,22,15,12
3-F12-10-20-I,3,F12,10,20,1,2023-05-27T00:00:00Z,2023-06-08T00:00:00Z,2023-09-24T00:00:00Z,26,2,12
3-F12-10-20-III,3,F12,10,20,3,2023-05-27T00:00:00Z,2023-06-08T00:00:00Z,2023-09-24T00:00:00Z,12,23,12
3-0-20-40-I,3,0,20,40,1,2023-05-24T00:00:00Z,NA,2023-09-27T00:00:00Z,23,22,0
3-F18-40-20-III,3,F18,40,20,3,2023-05-30T00:00:00Z,2023-06-17T00:00:00Z,2023-09-27T00:00:00Z,16,34,18
2-F6-40-20-I,2,F6,40,20,1,2023-05-27T00:00:00Z,2023-06-02T00:00:00Z,2023-09-30T00:00:00Z,27,16,6
3-T12-10-20-III,3,T12,10,20,3,2023-05-27T00:00:00Z,2023-06-08T00:00:00Z,2023-09-30T00:00:00Z,37,1,-12
3-F12-10-20-II,3,F12,10,20,2,2023-05-27T00:00:00Z,2023-06-08T00:00:00Z,2023-09-30T00:00:00Z,7,46,12
3-F12-15-15-I,3,F12,15,15,1,2023-05-27T00:00:00Z,2023-06-08T00:00:00Z,2023-09-30T00:00:00Z,10,58,12
3-F12-20-10-III,3,F12,20,10,3,2023-05-27T00:00:00Z,2023-06-08T00:00:00Z,2023-09-30T00:00:00Z,6,63,12
3-F18-15-15-III,3,F18,15,15,3,2023-05-27T00:00:00Z,2023-06-14T00:00:00Z,2023-09-30T00:00:00Z,18,15,18
3-F18-20-10-II,3,F18,20,10,2,2023-05-27T00:00:00Z,2023-06-14T00:00:00Z,2023-09-30T00:00:00Z,6,53,18
3-F18-20-10-III,3,F18,20,10,3,2023-05-27T00:00:00Z,2023-06-14T00:00:00Z,2023-09-30T00:00:00Z,12,33,18
3-0-10-20-I,3,0,10,20,1,2023-05-24T00:00:00Z,NA,2023-10-03T00:00:00Z,19,19,0
3-0-10-20-II,3,0,10,20,2,2023-05-24T00:00:00Z,NA,2023-10-03T00:00:00Z,20,21,0
3-0-15-15-II,3,0,15,15,2,2023-05-24T00:00:00Z,NA,2023-10-03T00:00:00Z,26,18,0
3-0-20-40-II,3,0,20,40,2,2023-05-24T00:00:00Z,NA,2023-10-03T00:00:00Z,17,37,0
3-0-20-40-III,3,0,20,40,3,2023-05-24T00:00:00Z,NA,2023-10-03T00:00:00Z,23,30,0
3-0-30-30-III,3,0,30,30,3,2023-05-24T00:00:00Z,NA,2023-10-03T00:00:00Z,28,19,0
3-0-40-20-I,3,0,40,20,1,2023-05-24T00:00:00Z,NA,2023-10-03T00:00:00Z,35,7,0
3-F6-20-40-II,3,F6,20,40,2,2023-05-30T00:00:00Z,2023-06-05T00:00:00Z,2023-10-03T00:00:00Z,11,27,6
3-F6-20-40-III,3,F6,20,40,3,2023-05-30T00:00:00Z,2023-06-05T00:00:00Z,2023-10-03T00:00:00Z,12,31,6
3-F6-30-30-II,3,F6,30,30,2,2023-05-30T00:00:00Z,2023-06-05T00:00:00Z,2023-10-03T00:00:00Z,15,33,6
3-F6-40-20-I,3,F6,40,20,1,2023-05-30T00:00:00Z,2023-06-05T00:00:00Z,2023-10-03T00:00:00Z,29,29,6
3-F12-20-40-III,3,F12,20,40,3,2023-05-30T00:00:00Z,2023-06-11T00:00:00Z,2023-10-03T00:00:00Z,5,40,12
3-F12-40-20-II,3,F12,40,20,2,2023-05-30T00:00:00Z,2023-06-11T00:00:00Z,2023-10-03T00:00:00Z,13,47,12
3-F18-20-40-III,3,F18,20,40,3,2023-05-30T00:00:00Z,2023-06-17T00:00:00Z,2023-10-03T00:00:00Z,5,63,18
3-F18-30-30-II,3,F18,30,30,2,2023-05-30T00:00:00Z,2023-06-17T00:00:00Z,2023-10-03T00:00:00Z,8,41,18
3-F18-30-30-III,3,F18,30,30,3,2023-05-30T00:00:00Z,2023-06-17T00:00:00Z,2023-10-03T00:00:00Z,7,32,18
3-F18-40-20-I,3,F18,40,20,1,2023-05-30T00:00:00Z,2023-06-17T00:00:00Z,2023-10-03T00:00:00Z,20,27,18
3-F18-40-20-II,3,F18,40,20,2,2023-05-30T00:00:00Z,2023-06-17T00:00:00Z,2023-10-03T00:00:00Z,16,30,18
3-T6-10-20-III,3,T6,10,20,3,2023-05-27T00:00:00Z,2023-06-02T00:00:00Z,2023-10-06T00:00:00Z,18,31,-6
3-T6-15-15-I,3,T6,15,15,1,2023-05-27T00:00:00Z,2023-06-02T00:00:00Z,2023-10-06T00:00:00Z,42,3,-6
3-T6-15-15-II,3,T6,15,15,2,2023-05-27T00:00:00Z,2023-06-02T00:00:00Z,2023-10-06T00:00:00Z,59,3,-6
3-T6-15-15-III,3,T6,15,15,3,2023-05-27T00:00:00Z,2023-06-02T00:00:00Z,2023-10-06T00:00:00Z,52,0,-6
3-T6-20-10-II,3,T6,20,10,2,2023-05-27T00:00:00Z,2023-06-02T00:00:00Z,2023-10-06T00:00:00Z,41,2,-6
3-T12-15-15-I,3,T12,15,15,1,2023-05-27T00:00:00Z,2023-06-08T00:00:00Z,2023-10-06T00:00:00Z,49,3,-12
3-T12-15-15-II,3,T12,15,15,2,2023-05-27T00:00:00Z,2023-06-08T00:00:00Z,2023-10-06T00:00:00Z,35,0,-12
3-T12-20-10-I,3,T12,20,10,1,2023-05-27T00:00:00Z,2023-06-08T00:00:00Z,2023-10-06T00:00:00Z,64,1,-12
3-T18-10-20-II,3,T18,10,20,2,2023-05-27T00:00:00Z,2023-06-14T00:00:00Z,2023-10-06T00:00:00Z,29,8,-18
3-T18-15-15-I,3,T18,15,15,1,2023-05-27T00:00:00Z,2023-06-14T00:00:00Z,2023-10-06T00:00:00Z,50,3,-18
3-T18-20-10-I,3,T18,20,10,1,2023-05-27T00:00:00Z,2023-06-14T00:00:00Z,2023-10-06T00:00:00Z,56,1,-18
3-T18-20-10-III,3,T18,20,10,3,2023-05-27T00:00:00Z,2023-06-14T00:00:00Z,2023-10-06T00:00:00Z,42,0,-18
3-F6-10-20-I,3,F6,10,20,1,2023-05-27T00:00:00Z,2023-06-02T00:00:00Z,2023-10-06T00:00:00Z,18,42,6
3-F6-15-15-II,3,F6,15,15,2,2023-05-27T00:00:00Z,2023-06-02T00:00:00Z,2023-10-06T00:00:00Z,14,55,6
3-F12-20-10-I,3,F12,20,10,1,2023-05-27T00:00:00Z,2023-06-08T00:00:00Z,2023-10-06T00:00:00Z,11,36,12
3-F12-20-10-II,3,F12,20,10,2,2023-05-27T00:00:00Z,2023-06-08T00:00:00Z,2023-10-06T00:00:00Z,18,30,12
3-F18-10-20-I,3,F18,10,20,1,2023-05-27T00:00:00Z,2023-06-14T00:00:00Z,2023-10-06T00:00:00Z,16,26,18
3-F18-15-15-I,3,F18,15,15,1,2023-05-27T00:00:00Z,2023-06-14T00:00:00Z,2023-10-06T00:00:00Z,8,42,18
3-F18-20-10-I,3,F18,20,10,1,2023-05-27T00:00:00Z,2023-06-14T00:00:00Z,2023-10-06T00:00:00Z,11,35,18
3-0-60-0-II,3,0,60,0,2,2023-05-30T00:00:00Z,NA,2023-10-09T00:00:00Z,68,0,0
3-0-60-0-III,3,0,60,0,3,2023-05-30T00:00:00Z,NA,2023-10-09T00:00:00Z,61,0,0
3-0-10-20-III,3,0,10,20,3,2023-05-24T00:00:00Z,NA,2023-10-11T00:00:00Z,5,48,0
3-0-15-15-III,3,0,15,15,3,2023-05-24T00:00:00Z,NA,2023-10-09T00:00:00Z,24,27,0
3-0-20-10-II,3,0,20,10,2,2023-05-24T00:00:00Z,NA,2023-10-09T00:00:00Z,36,10,0
3-0-20-10-III,3,0,20,10,3,2023-05-24T00:00:00Z,NA,2023-10-09T00:00:00Z,37,6,0
3-0-30-30-I,3,0,30,30,1,2023-05-24T00:00:00Z,NA,2023-10-09T00:00:00Z,32,14,0
3-0-40-20-II,3,0,40,20,2,2023-05-24T00:00:00Z,NA,2023-10-09T00:00:00Z,63,3,0
3-0-40-20-III,3,0,40,20,3,2023-05-24T00:00:00Z,NA,2023-10-09T00:00:00Z,51,5,0
3-T6-20-40-II,3,T6,20,40,2,2023-05-30T00:00:00Z,2023-06-05T00:00:00Z,2023-10-09T00:00:00Z,54,0,-6
3-T6-20-40-III,3,T6,20,40,3,2023-05-30T00:00:00Z,2023-06-05T00:00:00Z,2023-10-09T00:00:00Z,44,1,-6
3-T6-40-20-III,3,T6,40,20,3,2023-05-30T00:00:00Z,2023-06-05T00:00:00Z,2023-10-09T00:00:00Z,52,0,-6
3-T12-20-40-I,3,T12,20,40,1,2023-05-30T00:00:00Z,2023-06-11T00:00:00Z,2023-10-09T00:00:00Z,49,0,-12
3-T12-20-40-II,3,T12,20,40,2,2023-05-30T00:00:00Z,2023-06-11T00:00:00Z,2023-10-09T00:00:00Z,33,5,-12
3-T12-20-40-III,3,T12,20,40,3,2023-05-30T00:00:00Z,2023-06-11T00:00:00Z,2023-10-09T00:00:00Z,35,4,-12
3-T18-30-30-I,3,T18,30,30,1,2023-05-30T00:00:00Z,2023-06-17T00:00:00Z,2023-10-09T00:00:00Z,56,0,-18
3-T18-40-20-I,3,T18,40,20,1,2023-05-30T00:00:00Z,2023-06-17T00:00:00Z,2023-10-09T00:00:00Z,63,0,-18
3-T18-40-20-III,3,T18,40,20,3,2023-05-30T00:00:00Z,2023-06-17T00:00:00Z,2023-10-09T00:00:00Z,50,0,-18
3-F6-30-30-III,3,F6,30,30,3,2023-05-30T00:00:00Z,2023-06-05T00:00:00Z,2023-10-09T00:00:00Z,15,34,6
3-F6-40-20-III,3,F6,40,20,3,2023-05-30T00:00:00Z,2023-06-05T00:00:00Z,2023-10-09T00:00:00Z,25,25,6
3-F12-40-20-III,3,F12,40,20,3,2023-05-30T00:00:00Z,2023-06-11T00:00:00Z,2023-10-09T00:00:00Z,17,45,12
3-F18-20-40-II,3,F18,20,40,2,2023-05-30T00:00:00Z,2023-06-17T00:00:00Z,2023-10-09T00:00:00Z,3,54,18
3-T6-20-10-I,3,T6,20,10,1,2023-05-27T00:00:00Z,2023-06-02T00:00:00Z,2023-10-12T00:00:00Z,53,4,-6
3-T6-20-10-III,3,T6,20,10,3,2023-05-27T00:00:00Z,2023-06-02T00:00:00Z,2023-10-12T00:00:00Z,47,2,-6
3-T12-15-15-III,3,T12,15,15,3,2023-05-27T00:00:00Z,2023-06-08T00:00:00Z,2023-10-12T00:00:00Z,63,0,-12
3-T12-20-10-II,3,T12,20,10,2,2023-05-27T00:00:00Z,2023-06-08T00:00:00Z,2023-10-12T00:00:00Z,39,0,-12
3-T12-20-10-III,3,T12,20,10,3,2023-05-27T00:00:00Z,2023-06-08T00:00:00Z,2023-10-12T00:00:00Z,46,1,-12
3-T18-10-20-III,3,T18,10,20,3,2023-05-27T00:00:00Z,2023-06-14T00:00:00Z,2023-10-12T00:00:00Z,70,1,-18
3-T18-15-15-II,3,T18,15,15,2,2023-05-27T00:00:00Z,2023-06-14T00:00:00Z,2023-10-12T00:00:00Z,47,1,-18
3-T18-15-15-III,3,T18,15,15,3,2023-05-27T00:00:00Z,2023-06-14T00:00:00Z,2023-10-12T00:00:00Z,40,7,-18
3-T18-20-10-II,3,T18,20,10,2,2023-05-27T00:00:00Z,2023-06-14T00:00:00Z,2023-10-12T00:00:00Z,58,0,-18
3-F6-10-20-III,3,F6,10,20,3,2023-05-27T00:00:00Z,2023-06-02T00:00:00Z,2023-10-12T00:00:00Z,10,42,6
3-F6-15-15-I,3,F6,15,15,1,2023-05-27T00:00:00Z,2023-06-02T00:00:00Z,2023-10-12T00:00:00Z,21,27,6
3-F6-15-15-III,3,F6,15,15,3,2023-05-27T00:00:00Z,2023-06-02T00:00:00Z,2023-10-12T00:00:00Z,13,53,6
3-F6-20-10-I,3,F6,20,10,1,2023-05-27T00:00:00Z,2023-06-02T00:00:00Z,2023-10-12T00:00:00Z,27,20,6
3-F6-20-10-III,3,F6,20,10,3,2023-05-27T00:00:00Z,2023-06-02T00:00:00Z,2023-10-12T00:00:00Z,15,49,6
3-F12-15-15-II,3,F12,15,15,2,2023-05-27T00:00:00Z,2023-06-08T00:00:00Z,2023-10-12T00:00:00Z,8,48,12
3-F12-15-15-III,3,F12,15,15,3,2023-05-27T00:00:00Z,2023-06-08T00:00:00Z,2023-10-12T00:00:00Z,5,55,12
3-F18-10-20-II,3,F18,10,20,2,2023-05-27T00:00:00Z,2023-06-14T00:00:00Z,2023-10-12T00:00:00Z,11,33,18
3-F18-10-20-III,3,F18,10,20,3,2023-05-27T00:00:00Z,2023-06-14T00:00:00Z,2023-10-12T00:00:00Z,8,54,18
3-0-30-0-I,3,0,30,0,1,2023-05-30T00:00:00Z,NA,2023-10-15T00:00:00Z,57,0,0
3-0-30-0-II,3,0,30,0,2,2023-05-30T00:00:00Z,NA,2023-10-15T00:00:00Z,50,0,0
3-0-30-0-III,3,0,30,0,3,2023-05-30T00:00:00Z,NA,2023-10-15T00:00:00Z,61,0,0
3-0-0-30-I,3,0,0,30,1,2023-05-30T00:00:00Z,NA,2023-10-15T00:00:00Z,0,67,0
3-0-15-15-I,3,0,15,15,1,2023-05-24T00:00:00Z,NA,2023-10-15T00:00:00Z,23,32,0
3-0-20-10-I,3,0,20,10,1,2023-05-24T00:00:00Z,NA,2023-10-15T00:00:00Z,45,3,0
3-0-30-30-II,3,0,30,30,2,2023-05-24T00:00:00Z,NA,2023-10-15T00:00:00Z,35,18,0
3-T6-20-40-I,3,T6,20,40,1,2023-05-30T00:00:00Z,2023-06-05T00:00:00Z,2023-10-15T00:00:00Z,53,2,-6
3-T6-30-30-I,3,T6,30,30,1,2023-05-30T00:00:00Z,2023-06-05T00:00:00Z,2023-10-15T00:00:00Z,54,0,-6
3-T6-30-30-II,3,T6,30,30,2,2023-05-30T00:00:00Z,2023-06-05T00:00:00Z,2023-10-15T00:00:00Z,41,3,-6
3-T6-30-30-III,3,T6,30,30,3,2023-05-30T00:00:00Z,2023-06-05T00:00:00Z,2023-10-15T00:00:00Z,50,4,-6
3-T6-40-20-I,3,T6,40,20,1,2023-05-30T00:00:00Z,2023-06-05T00:00:00Z,2023-10-15T00:00:00Z,66,1,-6
3-T6-40-20-II,3,T6,40,20,2,2023-05-30T00:00:00Z,2023-06-05T00:00:00Z,2023-10-15T00:00:00Z,60,0,-6
3-T12-30-30-I,3,T12,30,30,1,2023-05-30T00:00:00Z,2023-06-11T00:00:00Z,2023-10-15T00:00:00Z,60,0,-12
3-T12-30-30-II,3,T12,30,30,2,2023-05-30T00:00:00Z,2023-06-11T00:00:00Z,2023-10-15T00:00:00Z,56,0,-12
3-T12-40-20-I,3,T12,40,20,1,2023-05-30T00:00:00Z,2023-06-11T00:00:00Z,2023-10-15T00:00:00Z,60,0,-12
3-T12-40-20-II,3,T12,40,20,2,2023-05-30T00:00:00Z,2023-06-11T00:00:00Z,2023-10-15T00:00:00Z,57,0,-12
3-T12-40-20-III,3,T12,40,20,3,2023-05-30T00:00:00Z,2023-06-11T00:00:00Z,2023-10-15T00:00:00Z,57,0,-12
3-T18-20-40-II,3,T18,20,40,2,2023-05-30T00:00:00Z,2023-06-17T00:00:00Z,2023-10-15T00:00:00Z,60,3,-18
3-T18-20-40-III,3,T18,20,40,3,2023-05-30T00:00:00Z,2023-06-17T00:00:00Z,2023-10-15T00:00:00Z,45,0,-18
3-T18-30-30-II,3,T18,30,30,2,2023-05-30T00:00:00Z,2023-06-17T00:00:00Z,2023-10-15T00:00:00Z,58,1,-18
3-T18-30-30-III,3,T18,30,30,3,2023-05-30T00:00:00Z,2023-06-17T00:00:00Z,2023-10-15T00:00:00Z,51,1,-18
3-T18-40-20-II,3,T18,40,20,2,2023-05-30T00:00:00Z,2023-06-17T00:00:00Z,2023-10-15T00:00:00Z,64,0,-18
3-F6-40-20-II,3,F6,40,20,2,2023-05-30T00:00:00Z,2023-06-05T00:00:00Z,2023-10-15T00:00:00Z,31,20,6
3-F12-20-40-I,3,F12,20,40,1,2023-05-30T00:00:00Z,2023-06-11T00:00:00Z,2023-10-15T00:00:00Z,10,36,12
3-F12-30-30-II,3,F12,30,30,2,2023-05-30T00:00:00Z,2023-06-11T00:00:00Z,2023-10-15T00:00:00Z,5,57,12
3-F12-30-30-III,3,F12,30,30,3,2023-05-30T00:00:00Z,2023-06-11T00:00:00Z,2023-10-15T00:00:00Z,11,49,12
3-F18-30-30-I,3,F18,30,30,1,2023-05-30T00:00:00Z,2023-06-17T00:00:00Z,2023-10-15T00:00:00Z,6,49,18
3-T6-10-20-II,3,T6,10,20,2,2023-05-27T00:00:00Z,2023-06-02T00:00:00Z,2023-10-18T00:00:00Z,32,13,-6
3-T12-10-20-II,3,T12,10,20,2,2023-05-27T00:00:00Z,2023-06-08T00:00:00Z,2023-10-18T00:00:00Z,32,8,-12
3-T18-10-20-I,3,T18,10,20,1,2023-05-27T00:00:00Z,2023-06-14T00:00:00Z,2023-10-18T00:00:00Z,32,2,-18
3-F6-10-20-II,3,F6,10,20,2,2023-05-27T00:00:00Z,2023-06-02T00:00:00Z,2023-10-18T00:00:00Z,9,59,6
3-F18-15-15-II,3,F18,15,15,2,2023-05-27T00:00:00Z,2023-06-14T00:00:00Z,2023-10-18T00:00:00Z,7,44,18
3-0-60-0-I,3,0,60,0,1,2023-05-30T00:00:00Z,NA,2023-10-21T00:00:00Z,57,0,0
3-0-0-60-II,3,0,0,60,2,2023-05-30T00:00:00Z,NA,2023-10-21T00:00:00Z,0,72,0
3-T12-30-30-III,3,T12,30,30,3,2023-05-30T00:00:00Z,2023-06-11T00:00:00Z,2023-10-21T00:00:00Z,52,0,-12
3-T18-20-40-I,3,T18,20,40,1,2023-05-30T00:00:00Z,2023-06-17T00:00:00Z,2023-10-21T00:00:00Z,52,1,-18
3-F12-30-30-I,3,F12,30,30,1,2023-05-30T00:00:00Z,2023-06-11T00:00:00Z,2023-10-21T00:00:00Z,13,53,12
3-T6-10-20-I,3,T6,10,20,1,2023-05-27T00:00:00Z,2023-06-02T00:00:00Z,2023-10-24T00:00:00Z,6,61,-6
3-T12-10-20-I,3,T12,10,20,1,2023-05-27T00:00:00Z,2023-06-08T00:00:00Z,2023-10-24T00:00:00Z,32,13,-12
3-F6-20-10-II,3,F6,20,10,2,2023-05-27T00:00:00Z,2023-06-02T00:00:00Z,2023-10-24T00:00:00Z,23,28,6
3-0-0-30-II,3,0,0,30,2,2023-05-30T00:00:00Z,NA,2023-10-27T00:00:00Z,0,79,0
3-0-0-30-III,3,0,0,30,3,2023-05-30T00:00:00Z,NA,2023-10-27T00:00:00Z,0,60,0
3-0-0-60-I,3,0,0,60,1,2023-05-30T00:00:00Z,NA,2023-10-27T00:00:00Z,0,66,0
3-0-0-60-III,3,0,0,60,3,2023-05-30T00:00:00Z,NA,2023-10-27T00:00:00Z,0,69,0
3-F6-20-40-I,3,F6,20,40,1,2023-05-30T00:00:00Z,2023-06-05T00:00:00Z,2023-10-27T00:00:00Z,7,55,6
3-F6-30-30-I,3,F6,30,30,1,2023-05-30T00:00:00Z,2023-06-05T00:00:00Z,2023-10-27T00:00:00Z,20,31,6
3-F12-20-40-II,3,F12,20,40,2,2023-05-30T00:00:00Z,2023-06-11T00:00:00Z,2023-10-27T00:00:00Z,0,47,12
3-F12-40-20-I,3,F12,40,20,1,2023-05-30T00:00:00Z,2023-06-11T00:00:00Z,2023-10-27T00:00:00Z,17,36,12
3-F18-20-40-I,3,F18,20,40,1,2023-05-30T00:00:00Z,2023-06-17T00:00:00Z,2023-10-27T00:00:00Z,5,56,18
